{
  "chunk_count_mean": 15.41,
  "frame_ms_max": 106.90309999699821,
  "frame_ms_mean": 51.379358666830136,
  "frame_ms_p95": 58.35099999967497,
  "hitch_count": 300,
  "hitch_frame_count": 300,
  "hitch_load_count": 1,
  "hitch_stream_count": 300,
  "hitch_unload_count": 0,
  "max_loaded_per_frame": 4,
  "max_unloaded_per_frame": 0,
  "recorded_frames": 300,
  "run_id": "20260713T194433Z_steady_unknown",
  "run_mode": "cli",
  "scenario_id": "steady",
  "schema_version": 1,
  "stream_ms_max": 88.06969999932335,
  "stream_ms_mean": 42.059202999844274,
  "stream_ms_p95": 46.79100000066683,
  "stream_unload_ms_max": 0.051399998483248055,
  "stream_unload_ms_p95": 0.008899998647393659
}