{
  "chunk_count_mean": 18.647571606475715,
  "frame_ms_max": 39.79390000131389,
  "frame_ms_mean": 10.381697135748693,
  "frame_ms_p95": 13.17179999932705,
  "hitch_count": 43,
  "hitch_frame_count": 12,
  "hitch_load_count": 1,
  "hitch_stream_count": 43,
  "hitch_unload_count": 0,
  "max_loaded_per_frame": 4,
  "max_unloaded_per_frame": 0,
  "recorded_frames": 803,
  "run_id": "20260714T090831Z_demo_a9aaa9e",
  "run_mode": "demo",
  "scenario_id": "demo",
  "schema_version": 1,
  "stream_ms_max": 34.47729999970761,
  "stream_ms_mean": 4.955944209218688,
  "stream_ms_p95": 8.578799999668263,
  "stream_unload_ms_max": 0.03139999898849055,
  "stream_unload_ms_p95": 0.004800000169780105
}