{
  "chunk_count_mean": 171.57237502509537,
  "frame_ms_max": 26.10139999887906,
  "frame_ms_mean": 14.236661614153856,
  "frame_ms_p95": 19.189899998309556,
  "hitch_count": 3441,
  "hitch_frame_count": 2989,
  "hitch_load_count": 0,
  "hitch_stream_count": 3441,
  "hitch_unload_count": 0,
  "max_loaded_per_frame": 2,
  "max_unloaded_per_frame": 2,
  "recorded_frames": 4981,
  "run_id": "20260712T132230Z_demo_unknown",
  "run_mode": "demo",
  "scenario_id": "demo",
  "schema_version": 1,
  "stream_ms_max": 24.699199999304255,
  "stream_ms_mean": 13.238105139564647,
  "stream_ms_p95": 17.999299998336937,
  "stream_unload_ms_max": 0.9946000027412083,
  "stream_unload_ms_p95": 0.03680000008898787
}