{
  "chunk_count_mean": 19.973118279569892,
  "frame_ms_max": 43.3469999998124,
  "frame_ms_mean": 12.027092741912002,
  "frame_ms_p95": 15.208499999971536,
  "hitch_count": 31,
  "hitch_frame_count": 15,
  "hitch_load_count": 4,
  "hitch_stream_count": 29,
  "hitch_unload_count": 0,
  "max_loaded_per_frame": 4,
  "max_unloaded_per_frame": 0,
  "recorded_frames": 372,
  "run_id": "20260714T083849Z_demo_b0f57bb",
  "run_mode": "demo",
  "scenario_id": "demo",
  "schema_version": 1,
  "stream_ms_max": 37.14049999962299,
  "stream_ms_mean": 5.193476881713259,
  "stream_ms_p95": 9.199400000397873,
  "stream_unload_ms_max": 0.03589999960240675,
  "stream_unload_ms_p95": 0.004800000169780105
}