{
  "chunk_count_mean": 16.76323987538941,
  "frame_ms_max": 57.27230000047712,
  "frame_ms_mean": 23.058668535713736,
  "frame_ms_p95": 26.492699998925673,
  "hitch_count": 321,
  "hitch_frame_count": 321,
  "hitch_load_count": 1,
  "hitch_stream_count": 321,
  "hitch_unload_count": 0,
  "max_loaded_per_frame": 4,
  "max_unloaded_per_frame": 0,
  "recorded_frames": 321,
  "run_id": "20260713T190307Z_demo_unknown",
  "run_mode": "demo",
  "scenario_id": "demo",
  "schema_version": 1,
  "stream_ms_max": 47.222199998941505,
  "stream_ms_mean": 17.821588473475387,
  "stream_ms_p95": 19.231999998737592,
  "stream_unload_ms_max": 0.007700000423938036,
  "stream_unload_ms_p95": 0.005800000508315861
}