{
  "chunk_count_mean": 14.373622467116958,
  "frame_ms_max": 1539.2087000000174,
  "frame_ms_mean": 34.514190792672025,
  "frame_ms_p95": 103.99499999766704,
  "hitch_count": 2627,
  "hitch_frame_count": 1787,
  "hitch_load_count": 0,
  "hitch_stream_count": 2593,
  "hitch_unload_count": 0,
  "max_loaded_per_frame": 2,
  "max_unloaded_per_frame": 0,
  "recorded_frames": 2813,
  "run_id": "20260712T152006Z_demo_unknown",
  "run_mode": "demo",
  "scenario_id": "demo",
  "schema_version": 1,
  "stream_ms_max": 1204.4250999970245,
  "stream_ms_mean": 25.323127301664687,
  "stream_ms_p95": 23.491799998737406,
  "stream_unload_ms_max": 0.049100002797786146,
  "stream_unload_ms_p95": 0.015300000086426735
}