{
  "schema_version": 1,
  "attribution_version": 2,
  "has_full_frame": true,
  "decision": {
    "decision": "cpu_dominant",
    "reason_cpu_vs_present": "present_wait_mean_share=0.0% < 35%; stream_pool_mean=61.3%",
    "cpu_full_frame_ms_mean": 51.40060233322098,
    "present_wait_cpu_ms_mean": 0.0,
    "render_cpu_ms_mean": 0.0,
    "present_wait_share_mean": 0.0,
    "max_cpu_phase": "stream_pool",
    "max_cpu_phase_share_mean": 0.6127511002414687,
    "mean_phase_shares": {
      "stream_apply": 0.0004137189048156502,
      "stream_pool": 0.6127511002414687,
      "extract_tiles": 0.0036610149795896843,
      "extract_deco": 0.1755859721320162,
      "render_cpu": 0.0,
      "present_wait": 0.0,
      "gpu": 0.0
    },
    "gpu_dominant": false
  },
  "quantiles": {
    "p95": {
      "quantile": "p95",
      "frame_index": 38,
      "cpu_full_frame_ms": 58.37289999908535,
      "dominant_phase": "stream_pool",
      "dominant_share": 0.5976917370766825,
      "shares": {
        "stream_pool": 0.5976917370766825,
        "stream_apply": 0.0003100753873701485,
        "extract_tiles": 0.0030784833449638937,
        "extract_deco": 0.16848229228597097,
        "render_cpu": 0.0,
        "present_wait": 0.0,
        "gpu": 0.0
      }
    },
    "p99": {
      "quantile": "p99",
      "frame_index": 64,
      "cpu_full_frame_ms": 72.52220000009402,
      "dominant_phase": "stream_pool",
      "dominant_share": 0.5755479011513809,
      "shares": {
        "stream_pool": 0.5755479011513809,
        "stream_apply": 0.00024406324972591357,
        "extract_tiles": 0.002480619754600558,
        "extract_deco": 0.1473755622706615,
        "render_cpu": 0.0,
        "present_wait": 0.0,
        "gpu": 0.0
      }
    }
  },
  "dominance": [
    {
      "quantile": "p95",
      "frame_index": 38,
      "cpu_full_frame_ms": 58.37289999908535,
      "dominant_phase": "stream_pool",
      "dominant_share": 0.5976917370766825,
      "shares": {
        "stream_pool": 0.5976917370766825,
        "stream_apply": 0.0003100753873701485,
        "extract_tiles": 0.0030784833449638937,
        "extract_deco": 0.16848229228597097,
        "render_cpu": 0.0,
        "present_wait": 0.0,
        "gpu": 0.0
      }
    },
    {
      "quantile": "p99",
      "frame_index": 64,
      "cpu_full_frame_ms": 72.52220000009402,
      "dominant_phase": "stream_pool",
      "dominant_share": 0.5755479011513809,
      "shares": {
        "stream_pool": 0.5755479011513809,
        "stream_apply": 0.00024406324972591357,
        "extract_tiles": 0.002480619754600558,
        "extract_deco": 0.1473755622706615,
        "render_cpu": 0.0,
        "present_wait": 0.0,
        "gpu": 0.0
      }
    }
  ],
  "same_frame_for_both_quantiles": false,
  "hitch_clusters": [
    {
      "cluster_id": "apply_dominant",
      "label": "Load-/Apply-dominant",
      "hitch_count": 300,
      "representative_frame_index": 62,
      "cpu_full_frame_ms": 106.92399999970803,
      "dominant_phase": "stream_pool",
      "dominant_share": 0.5963244921704388,
      "shares": {
        "stream_pool": 0.5963244921704388,
        "stream_apply": 0.00017302007956122465,
        "extract_tiles": 0.0016825034788056662,
        "extract_deco": 0.17423590586507007,
        "render_cpu": 0.0,
        "present_wait": 0.0,
        "gpu": 0.0
      }
    }
  ],
  "ab_comparisons": [
    {
      "scenario_id": "steady",
      "causal_feature": "unknown_toggle",
      "baseline": {
        "run_id": "20260713T194433Z_steady_unknown",
        "decision": "cpu_dominant",
        "dominant_phase": "stream_pool",
        "p95": {
          "quantile": "p95",
          "frame_index": 38,
          "cpu_full_frame_ms": 58.37289999908535,
          "dominant_phase": "stream_pool",
          "dominant_share": 0.5976917370766825,
          "shares": {
            "stream_pool": 0.5976917370766825,
            "stream_apply": 0.0003100753873701485,
            "extract_tiles": 0.0030784833449638937,
            "extract_deco": 0.16848229228597097,
            "render_cpu": 0.0,
            "present_wait": 0.0,
            "gpu": 0.0
          }
        },
        "p99": {
          "quantile": "p99",
          "frame_index": 64,
          "cpu_full_frame_ms": 72.52220000009402,
          "dominant_phase": "stream_pool",
          "dominant_share": 0.5755479011513809,
          "shares": {
            "stream_pool": 0.5755479011513809,
            "stream_apply": 0.00024406324972591357,
            "extract_tiles": 0.002480619754600558,
            "extract_deco": 0.1473755622706615,
            "render_cpu": 0.0,
            "present_wait": 0.0,
            "gpu": 0.0
          }
        },
        "toggles": {
          "extract_enabled": true,
          "stream_enabled": true,
          "deco_extract_enabled": true,
          "tile_extract_enabled": true
        }
      },
      "variant": {
        "run_id": "20260714T080831Z_steady_b0f57bb",
        "toggles": {
          "extract_enabled": true,
          "stream_enabled": true,
          "deco_extract_enabled": true,
          "tile_extract_enabled": true
        },
        "decision": "mixed",
        "dominant_phase": "stream_pool",
        "p95": {
          "quantile": "p95",
          "frame_index": 32,
          "cpu_full_frame_ms": 18.229900000733323,
          "dominant_phase": "stream_pool",
          "dominant_share": 0.4488614857526761,
          "shares": {
            "stream_pool": 0.4488614857526761,
            "stream_apply": 0.0021009440861030964,
            "extract_tiles": 0.005743311840212255,
            "extract_deco": 0.0985194652458881,
            "render_cpu": 0.0,
            "present_wait": 0.0,
            "gpu": 0.0
          }
        },
        "p99": {
          "quantile": "p99",
          "frame_index": 0,
          "cpu_full_frame_ms": 29.710299999351264,
          "dominant_phase": "stream_pool",
          "dominant_share": 0.650659872178951,
          "shares": {
            "stream_pool": 0.650659872178951,
            "stream_apply": 0.0019723799372168057,
            "extract_tiles": 0.08519267728690762,
            "extract_deco": 0.0029148140555079554,
            "render_cpu": 0.0,
            "present_wait": 0.0,
            "gpu": 0.0
          }
        }
      },
      "delta": {
        "cpu_full_frame_ms_p95": -40.142999998352025,
        "dominant_share_p95": -0.14883025132400646,
        "decision_changed": true
      }
    }
  ],
  "scenario_id": "steady",
  "run_id": "20260713T194433Z_steady_unknown",
  "scenario_label": "steady",
  "run_mode": "cli",
  "toggles": {
    "extract_enabled": true,
    "stream_enabled": true,
    "deco_extract_enabled": true,
    "tile_extract_enabled": true
  },
  "ab_baseline_run_id": "20260713T194433Z_steady_unknown",
  "ab_variant_run_id": "20260714T080831Z_steady_b0f57bb"
}
